"","RMBC","TCLUST","MCLUST","Otrimle"
"MCR",6.33333333333333,7.66666666666667,18.6666666666667,7.66666666666667
"KLD",0.286696689932461,2.7517610699171,0.575944736847322,2.13121328219123
"Sensitivity",74.6666666666667,0,0,0
