"","RMBC","TCLUST","MCLUST","Otrimle"
"MCR",6.33333333333333,7.66666666666667,18.6666666666667,7.66666666666667
"KLD",0.2868866078534,2.73853927211866,0.564253289811944,2.08470930202872
"Sensitivity",74.6666666666667,0,0,0
